Wall time,Step,Value
1532622918.19515,832,0.750087559223175
1532622941.04883,1664,0.7904815673828125
1532622963.636303,2496,0.7872238159179688
1532622986.581081,3328,0.7552594542503357
1532623009.412564,4160,0.7659521698951721
1532623032.439152,4992,0.7350441813468933
1532623055.310349,5824,0.7495796084403992
1532623078.313191,6656,0.7286288142204285
1532623100.893817,7488,0.725982129573822
1532623123.721439,8320,0.7318069934844971
1532623146.463485,9152,0.72060227394104
1532623169.587851,9984,0.7429531216621399
1532623192.683849,10816,0.7337177395820618
1532623216.871149,11648,0.7512686252593994
1532623239.604094,12480,0.7396648526191711
1532623262.431767,13312,0.7573707103729248
1532623287.195409,14144,0.7612447738647461
1532623310.139667,14976,0.7667405009269714
1532623334.623229,15808,0.7579620480537415
1532623357.787405,16640,0.7662935256958008
1532623384.318389,17472,0.7893936038017273
1532623410.361465,18304,0.7727769017219543
1532623435.402279,19136,0.7694892883300781
1532623459.243788,19968,0.7760977745056152
1532623482.848403,20800,0.7813473343849182
